first_name,last_name,user_name,phone,password
James,Butt,e0001,504-621-8927,password123
Josephine,Darakjy,e0002,810-292-9388,password124
Art,Venere,e0003,856-636-8749,password125
Lenna,Paprocki,e0004,907-385-4412,password126
Donette,Foller,e0005,513-570-1893,password127
Simona,Morasca,e0006,419-503-2484,password128
Mitsue,Tollner,e0007,773-573-6914,password129
Leota,Dilliard,e0008,408-752-3500,password130
Sage,Wieser,e0009,605-414-2147,password131
Kris,Marrier,e0010,410-655-8723,password132
Minna,Amigon,e0011,215-874-1229,password133
Abel,Maclead,e0012,631-335-3414,password134
Kiley,Caldarera,e0013,310-498-5651,password135
Graciela,Ruta,e0014,440-780-8425,password136
Cammy,Albares,e0015,956-537-6195,password137
Mattie,Poquette,e0016,602-277-4385,password138
Meaghan,Garufi,e0017,931-313-9635,password139
Gladys,Rim,e0018,414-661-9598,password140
Yuki,Whobrey,e0019,313-288-7937,password141
Fletcher,Flosi,e0020,815-828-2147,password142
Bette,Nicka,e0021,610-545-3615,password143
Veronika,Inouye,e0022,408-540-1785,password144
Willard,Kolmetz,e0023,972-303-9197,password145
Maryann,Royster,e0024,518-966-7987,password146
Alisha,Slusarski,e0025,732-658-3154,password147
Allene,Iturbide,e0026,715-662-6764,password148
Chanel,Caudy,e0027,913-388-2079,password149
Ezekiel,Chui,e0028,410-669-1642,password150
Willow,Kusko,e0029,212-582-4976,password151
Bernardo,Figeroa,e0030,936-336-3951,password152
Ammie,Corrio,e0031,614-801-9788,password153
Francine,Vocelka,e0032,505-977-3911,password154
Ernie,Stenseth,e0033,201-709-6245,password155
Albina,Glick,e0034,732-924-7882,password156
Alishia,Sergi,e0035,212-860-1579,password157
Solange,Shinko,e0036,504-979-9175,password158
Jose,Stockham,e0037,212-675-8570,password159
Rozella,Ostrosky,e0038,805-832-6163,password160
Valentine,Gillian,e0039,210-812-9597,password161
Kati,Rulapaugh,e0040,785-463-7829,password162
Youlanda,Schemmer,e0041,541-548-8197,password163
Dyan,Oldroyd,e0042,913-413-4604,password164
Roxane,Campain,e0043,907-231-4722,password165
Lavera,Perin,e0044,305-606-7291,password166
Erick,Ferencz,e0045,907-741-1044,password167
Fatima,Saylors,e0046,952-768-2416,password168
Jina,Briddick,e0047,617-399-5124,password169
Kanisha,Waycott,e0048,323-453-2780,password170
Emerson,Bowley,e0049,608-336-7444,password171
Blair,Malet,e0050,215-907-9111,password172
Brock,Bolognia,e0051,212-402-9216,password173
Lorrie,Nestle,e0052,931-875-6644,password174
Sabra,Uyetake,e0053,803-925-5213,password175
Marjory,Mastella,e0054,610-814-5533,password176
Karl,Klonowski,e0055,908-877-6135,password177
Tonette,Wenner,e0056,516-968-6051,password178
Amber,Monarrez,e0057,215-934-8655,password179
Shenika,Seewald,e0058,818-423-4007,password180
Delmy,Ahle,e0059,401-458-2547,password181
Deeanna,Juhas,e0060,215-211-9589,password182
Blondell,Pugh,e0061,401-960-8259,password183
Jamal,Vanausdal,e0062,732-234-1546,password184
Cecily,Hollack,e0063,512-486-3817,password185
Carmelina,Lindall,e0064,303-724-7371,password186
Maurine,Yglesias,e0065,414-748-1374,password187
Tawna,Buvens,e0066,212-674-9610,password188
Penney,Weight,e0067,907-797-9628,password189
Elly,Morocco,e0068,814-393-5571,password190
Ilene,Eroman,e0069,410-914-9018,password191
Vallie,Mondella,e0070,208-862-5339,password192
Kallie,Blackwood,e0071,415-315-2761,password193
Johnetta,Abdallah,e0072,919-225-9345,password194
Bobbye,Rhym,e0073,650-528-5783,password195
Micaela,Rhymes,e0074,925-647-3298,password196
Tamar,Hoogland,e0075,740-343-8575,password197
Moon,Parlato,e0076,585-866-8313,password198
Laurel,Reitler,e0077,410-520-4832,password199
Delisa,Crupi,e0078,973-354-2040,password200
Viva,Toelkes,e0079,773-446-5569,password201
Elza,Lipke,e0080,973-927-3447,password202
Devorah,Chickering,e0081,505-975-8559,password203
Timothy,Mulqueen,e0082,718-332-6527,password204
Arlette,Honeywell,e0083,904-775-4480,password205
Dominque,Dickerson,e0084,510-993-3758,password206
Lettie,Isenhower,e0085,216-657-7668,password207
Myra,Munns,e0086,817-914-7518,password208
Stephaine,Barfield,e0087,310-774-7643,password209
Lai,Gato,e0088,847-728-7286,password210
Stephen,Emigh,e0089,330-537-5358,password211
Tyra,Shields,e0090,215-255-1641,password212
Tammara,Wardrip,e0091,650-803-1936,password213
Cory,Gibes,e0092,626-572-1096,password214
Danica,Bruschke,e0093,254-782-8569,password215
Wilda,Giguere,e0094,907-870-5536,password216
Elvera,Benimadho,e0095,408-703-8505,password217
Carma,Vanheusen,e0096,510-503-7169,password218
Malinda,Hochard,e0097,317-722-5066,password219
Natalie,Fern,e0098,307-704-8713,password220
Lisha,Centini,e0099,703-235-3937,password221
Arlene,Klusman,e0100,504-710-5840,password222
Alease,Buemi,e0101,303-301-4946,password223
Louisa,Cronauer,e0102,510-828-7047,password224
Angella,Cetta,e0103,808-892-7943,password225
Cyndy,Goldammer,e0104,952-334-9408,password226
Rosio,Cork,e0105,336-243-5659,password227
Celeste,Korando,e0106,516-509-2347,password228
Twana,Felger,e0107,503-939-3153,password229
Estrella,Samu,e0108,608-976-7199,password230
Donte,Kines,e0109,508-429-8576,password231
Tiffiny,Steffensmeier,e0110,305-385-9695,password232
Edna,Miceli,e0111,814-460-2655,password233
Sue,Kownacki,e0112,972-666-3413,password234
Jesusa,Shin,e0113,931-273-8709,password235
Rolland,Francescon,e0114,973-649-2922,password236
Pamella,Schmierer,e0115,305-420-8970,password237
Glory,Kulzer,e0116,410-224-9462,password238
Shawna,Palaspas,e0117,805-275-3566,password239
Brandon,Callaro,e0118,808-215-6832,password240
Scarlet,Cartan,e0119,229-735-3378,password241
Oretha,Menter,e0120,617-418-5043,password242
Ty,Smith,e0121,201-672-1553,password243
Xuan,Rochin,e0122,650-933-5072,password244
Lindsey,Dilello,e0123,909-639-9887,password245
Devora,Perez,e0124,510-955-3016,password246
Herman,Demesa,e0125,518-497-2940,password247
Rory,Papasergi,e0126,570-867-7489,password248
Talia,Riopelle,e0127,973-245-2133,password249
Van,Shire,e0128,908-409-2890,password250
Lucina,Lary,e0129,321-749-4981,password251
Bok,Isaacs,e0130,718-809-3762,password252
Rolande,Spickerman,e0131,808-315-3077,password253
Howard,Paulas,e0132,303-623-4241,password254
Kimbery,Madarang,e0133,973-310-1634,password255
Thurman,Manno,e0134,609-524-3586,password256
Becky,Mirafuentes,e0135,908-877-8409,password257
Beatriz,Corrington,e0136,508-584-4279,password258
Marti,Maybury,e0137,773-775-4522,password259
Nieves,Gotter,e0138,503-527-5274,password260
Leatha,Hagele,e0139,214-339-1809,password261
Valentin,Klimek,e0140,312-303-5453,password262
Melissa,Wiklund,e0141,419-939-3613,password263
Sheridan,Zane,e0142,951-645-3605,password264
Bulah,Padilla,e0143,254-463-4368,password265
Audra,Kohnert,e0144,615-406-7854,password266
Daren,Weirather,e0145,414-959-2540,password267
Fernanda,Jillson,e0146,410-387-5260,password268
Gearldine,Gellinger,e0147,972-934-6914,password269
Chau,Kitzman,e0148,310-560-8022,password270
Theola,Frey,e0149,516-948-5768,password271
Cheryl,Haroldson,e0150,609-518-7697,password272
Laticia,Merced,e0151,513-508-7371,password273
Carissa,Batman,e0152,541-326-4074,password274
Lezlie,Craghead,e0153,919-533-3762,password275
Ozell,Shealy,e0154,212-332-8435,password276
Arminda,Parvis,e0155,602-906-9419,password277
Reita,Leto,e0156,317-234-1135,password278
Yolando,Luczki,e0157,315-304-4759,password279
Lizette,Stem,e0158,856-487-5412,password280
Gregoria,Pawlowicz,e0159,516-212-1915,password281
Carin,Deleo,e0160,501-308-1040,password282
Chantell,Maynerich,e0161,651-591-2583,password283
Dierdre,Yum,e0162,215-325-3042,password284
Larae,Gudroe,e0163,985-890-7262,password285
Latrice,Tolfree,e0164,631-957-7624,password286
Kerry,Theodorov,e0165,916-591-3277,password287
Dorthy,Hidvegi,e0166,208-649-2373,password288
Fannie,Lungren,e0167,512-587-5746,password289
Evangelina,Radde,e0168,215-964-3284,password290
Novella,Degroot,e0169,808-477-4775,password291
Clay,Hoa,e0170,775-501-8109,password292
Jennifer,Fallick,e0171,847-979-9545,password293
Irma,Wolfgramm,e0172,973-545-7355,password294
Eun,Coody,e0173,864-256-3620,password295
Sylvia,Cousey,e0174,410-209-9545,password296
Nana,Wrinkles,e0175,914-855-2115,password297
Layla,Springe,e0176,212-260-3151,password298
Joesph,Degonia,e0177,510-677-9785,password299
Annabelle,Boord,e0178,978-697-6263,password300
Stephaine,Vinning,e0179,415-767-6596,password301
Nelida,Sawchuk,e0180,201-971-1638,password302
Marguerita,Hiatt,e0181,925-634-7158,password303
Carmela,Cookey,e0182,773-494-4195,password304
Junita,Brideau,e0183,973-943-3423,password305
Claribel,Varriano,e0184,419-544-4900,password306
Benton,Skursky,e0185,310-579-2907,password307
Hillary,Skulski,e0186,352-242-2570,password308
Merilyn,Bayless,e0187,408-758-5015,password309
Teri,Ennaco,e0188,570-889-5187,password310
Merlyn,Lawler,e0189,201-588-7810,password311
Georgene,Montezuma,e0190,925-615-5185,password312
Jettie,Mconnell,e0191,908-802-3564,password313
Lemuel,Latzke,e0192,631-748-6479,password314
Melodie,Knipp,e0193,805-690-1682,password315
Candida,Corbley,e0194,908-275-8357,password316
Karan,Karpin,e0195,503-940-8327,password317
Andra,Scheyer,e0196,503-516-2189,password318
Felicidad,Poullion,e0197,856-305-9731,password319
Belen,Strassner,e0198,770-507-8791,password320
Gracia,Melnyk,e0199,904-235-3633,password321
Jolanda,Hanafan,e0200,207-458-9196,password322
Barrett,Toyama,e0201,817-765-5781,password323
Helga,Fredicks,e0202,716-752-4114,password324
Ashlyn,Pinilla,e0203,305-670-9628,password325
Fausto,Agramonte,e0204,212-313-1783,password326
Ronny,Caiafa,e0205,215-605-7570,password327
Marge,Limmel,e0206,850-430-1663,password328
Norah,Waymire,e0207,415-306-7897,password329
Aliza,Baltimore,e0208,408-504-3552,password330
Mozell,Pelkowski,e0209,650-947-1215,password331
Viola,Bitsuie,e0210,818-864-4875,password332
Franklyn,Emard,e0211,215-558-8189,password333
Willodean,Konopacki,e0212,337-253-8384,password334
Beckie,Silvestrini,e0213,313-533-4884,password335
Rebecka,Gesick,e0214,512-213-8574,password336
Frederica,Blunk,e0215,214-428-2285,password337
Glen,Bartolet,e0216,206-697-5796,password338
Freeman,Gochal,e0217,610-476-3501,password339
Vincent,Meinerding,e0218,215-372-1718,password340
Rima,Bevelacqua,e0219,310-858-5079,password341
Glendora,Sarbacher,e0220,707-653-8214,password342
Avery,Steier,e0221,407-808-9439,password343
Cristy,Lother,e0222,760-971-4322,password344
Nicolette,Brossart,e0223,508-837-9230,password345
Tracey,Modzelewski,e0224,936-264-9294,password346
Virgina,Tegarden,e0225,414-214-8697,password347
Tiera,Frankel,e0226,626-636-4117,password348
Alaine,Bergesen,e0227,914-300-9193,password349
Earleen,Mai,e0228,214-289-1973,password350
Leonida,Gobern,e0229,228-235-5615,password351
Ressie,Auffrey,e0230,305-604-8981,password352
Justine,Mugnolo,e0231,212-304-9225,password353
Eladia,Saulter,e0232,201-474-4924,password354
Chaya,Malvin,e0233,734-928-5182,password355
Gwenn,Suffield,e0234,631-258-6558,password356
Salena,Karpel,e0235,330-791-8557,password357
Yoko,Fishburne,e0236,203-506-4706,password358
Taryn,Moyd,e0237,703-322-4041,password359
Katina,Polidori,e0238,978-626-2978,password360
Rickie,Plumer,e0239,419-693-1334,password361
Alex,Loader,e0240,253-660-7821,password362
Lashon,Vizarro,e0241,916-741-7884,password363
Lauran,Burnard,e0242,307-342-7795,password364
Ceola,Setter,e0243,207-627-7565,password365
My,Rantanen,e0244,215-491-5633,password366
Lorrine,Worlds,e0245,813-769-2939,password367
Peggie,Sturiale,e0246,619-608-1763,password368
Marvel,Raymo,e0247,979-718-8968,password369
Daron,Dinos,e0248,847-233-3075,password370
An,Fritz,e0249,609-228-5265,password371
Portia,Stimmel,e0250,908-722-7128,password372
Rhea,Aredondo,e0251,718-560-9537,password373
Benedict,Sama,e0252,314-787-1588,password374
Alyce,Arias,e0253,209-317-1801,password375
Heike,Berganza,e0254,973-936-5095,password376
Carey,Dopico,e0255,317-578-2453,password377
Dottie,Hellickson,e0256,206-540-6076,password378
Deandrea,Hughey,e0257,336-822-7652,password379
Kimberlie,Duenas,e0258,785-629-8542,password380
Martina,Staback,e0259,407-471-6908,password381
Skye,Fillingim,e0260,612-508-2655,password382
Jade,Farrar,e0261,803-352-5387,password383
Charlene,Hamilton,e0262,707-300-1771,password384
Geoffrey,Acey,e0263,847-222-1734,password385
Stevie,Westerbeck,e0264,949-867-4077,password386
Pamella,Fortino,e0265,303-404-2210,password387
Harrison,Haufler,e0266,203-801-6193,password388
Johnna,Engelberg,e0267,425-986-7573,password389
Buddy,Cloney,e0268,440-989-5826,password390
Dalene,Riden,e0269,603-315-6839,password391
Jerry,Zurcher,e0270,321-518-5938,password392
Haydee,Denooyer,e0271,212-792-8658,password393
Joseph,Cryer,e0272,714-584-2237,password394
Deonna,Kippley,e0273,248-913-4677,password395
Raymon,Calvaresi,e0274,317-825-4724,password396
Alecia,Bubash,e0275,940-276-7922,password397
Ma,Layous,e0276,203-721-3388,password398
Detra,Coyier,e0277,410-739-9277,password399
Terrilyn,Rodeigues,e0278,504-463-4384,password400
Salome,Lacovara,e0279,804-550-5097,password401
Garry,Keetch,e0280,215-979-8776,password402
Matthew,Neither,e0281,952-651-7597,password403
Theodora,Restrepo,e0282,305-936-8226,password404
Noah,Kalafatis,e0283,414-263-5287,password405
Carmen,Sweigard,e0284,732-941-2621,password406
Lavonda,Hengel,e0285,701-898-2154,password407
Junita,Stoltzman,e0286,775-638-9963,password408
Herminia,Nicolozakes,e0287,602-954-5141,password409
Casie,Good,e0288,615-390-2251,password410
Reena,Maisto,e0289,410-351-1863,password411
Mirta,Mallett,e0290,212-870-1286,password412
Cathrine,Pontoriero,e0291,806-703-1435,password413
Filiberto,Tawil,e0292,323-765-2528,password414
Raul,Upthegrove,e0293,619-509-5282,password415
Sarah,Candlish,e0294,770-732-1194,password416
Lucy,Treston,e0295,508-769-5250,password417
Judy,Aquas,e0296,269-756-7222,password418
Yvonne,Tjepkema,e0297,973-714-1721,password419
Kayleigh,Lace,e0298,337-740-9323,password420
Felix,Hirpara,e0299,717-491-5643,password421
Tresa,Sweely,e0300,314-359-9566,password422
Kristeen,Turinetti,e0301,817-213-8851,password423
Jenelle,Regusters,e0302,813-932-8715,password424
Renea,Monterrubio,e0303,770-679-4752,password425
Olive,Matuszak,e0304,760-938-6069,password426
Ligia,Reiber,e0305,517-906-1108,password427
Christiane,Eschberger,e0306,602-390-4944,password428
Goldie,Schirpke,e0307,207-295-7569,password429
Loreta,Timenez,e0308,301-696-6420,password430
Fabiola,Hauenstein,e0309,717-809-3119,password431
Amie,Perigo,e0310,972-419-7946,password432
Raina,Brachle,e0311,406-318-1515,password433
Erinn,Canlas,e0312,973-767-3008,password434
Cherry,Lietz,e0313,248-980-6904,password435
Kattie,Vonasek,e0314,216-923-3715,password436
Lilli,Scriven,e0315,325-631-1560,password437
Whitley,Tomasulo,e0316,817-526-4408,password438
Barbra,Adkin,e0317,718-201-3751,password439
Hermila,Thyberg,e0318,401-893-4882,password440
Jesusita,Flister,e0319,717-885-9118,password441
Caitlin,Julia,e0320,401-948-4982,password442
Roosevelt,Hoffis,e0321,305-622-4739,password443
Helaine,Halter,e0322,201-832-4168,password444
Lorean,Martabano,e0323,210-856-4979,password445
France,Buzick,e0324,718-478-8504,password446
Justine,Ferrario,e0325,909-993-3242,password447
Adelina,Nabours,e0326,216-230-4892,password448
Derick,Dhamer,e0327,212-304-4515,password449
Jerry,Dallen,e0328,804-762-9576,password450
Leota,Ragel,e0329,706-221-4243,password451
Jutta,Amyot,e0330,337-515-1438,password452
Aja,Gehrett,e0331,973-544-2677,password453
Kirk,Herritt,e0332,607-407-3716,password454
Leonora,Mauson,e0333,973-412-2995,password455
Winfred,Brucato,e0334,208-252-4552,password456
Tarra,Nachor,e0335,415-411-1775,password457
Corinne,Loder,e0336,508-942-4186,password458
Dulce,Labreche,e0337,248-357-8718,password459
Kate,Keneipp,e0338,920-353-6377,password460
Kaitlyn,Ogg,e0339,410-665-4903,password461
Sherita,Saras,e0340,719-669-1664,password462
Lashawnda,Stuer,e0341,419-588-8719,password463
Ernest,Syrop,e0342,301-998-9644,password464
Nobuko,Halsey,e0343,508-855-9887,password465
Lavonna,Wolny,e0344,703-483-1970,password466
Lashaunda,Lizama,e0345,410-678-2473,password467
Mariann,Bilden,e0346,512-223-4791,password468
Helene,Rodenberger,e0347,623-461-8551,password469
Roselle,Estell,e0348,419-571-5920,password470
Samira,Heintzman,e0349,206-311-4137,password471
Margart,Meisel,e0350,513-617-2362,password472
Kristofer,Bennick,e0351,812-368-1511,password473
Weldon,Acuff,e0352,847-353-2156,password474
Shalon,Shadrick,e0353,718-232-2337,password475
Denise,Patak,e0354,407-446-4358,password476
Louvenia,Beech,e0355,310-820-2117,password477
Audry,Yaw,e0356,813-797-4816,password478
Kristel,Ehmann,e0357,915-452-1290,password479
Vincenza,Zepp,e0358,619-603-5125,password480
Elouise,Gwalthney,e0359,301-841-5012,password481
Venita,Maillard,e0360,714-523-6653,password482
Kasandra,Semidey,e0361,314-732-9131,password483
Xochitl,Discipio,e0362,512-233-1831,password484
Maile,Linahan,e0363,336-670-2640,password485
Krissy,Rauser,e0364,631-443-4710,password486
Pete,Dubaldi,e0365,201-825-2514,password487
Linn,Paa,e0366,901-412-4381,password488
Paris,Wide,e0367,404-505-4445,password489
Wynell,Dorshorst,e0368,650-473-1262,password490
Quentin,Birkner,e0369,952-702-7993,password491
Regenia,Kannady,e0370,480-726-1280,password492
Sheron,Louissant,e0371,718-976-8610,password493
Izetta,Funnell,e0372,770-844-3447,password494
Rodolfo,Butzen,e0373,507-210-3510,password495
Zona,Colla,e0374,203-461-1949,password496
Serina,Zagen,e0375,260-273-3725,password497
Paz,Sahagun,e0376,601-927-8287,password498
Markus,Lukasik,e0377,586-970-7380,password499
Jaclyn,Bachman,e0378,719-853-3600,password500
Cyril,Daufeldt,e0379,212-745-8484,password501
Gayla,Schnitzler,e0380,510-686-3407,password502
Erick,Nievas,e0381,773-704-9903,password503
Jennie,Drymon,e0382,570-218-4831,password504
Mitsue,Scipione,e0383,530-986-9272,password505
Ciara,Ventura,e0384,845-823-8877,password506
Galen,Cantres,e0385,216-600-6111,password507
Truman,Feichtner,e0386,973-852-2736,password508
Gail,Kitty,e0387,907-435-9166,password509
Dalene,Schoeneck,e0388,215-268-1275,password510
Gertude,Witten,e0389,513-977-7043,password511
Lizbeth,Kohl,e0390,310-699-1222,password512
Glenn,Berray,e0391,515-370-7348,password513
Lashandra,Klang,e0392,610-809-1818,password514
Lenna,Newville,e0393,919-623-2524,password515
Laurel,Pagliuca,e0394,509-695-5199,password516
Mireya,Frerking,e0395,914-868-5965,password517
Annelle,Tagala,e0396,410-757-1035,password518
Dean,Ketelsen,e0397,516-847-4418,password519
Levi,Munis,e0398,508-456-4907,password520
Sylvie,Ryser,e0399,918-644-9555,password521
Sharee,Maile,e0400,231-467-9978,password522
Cordelia,Storment,e0401,337-566-6001,password523
Mollie,Mcdoniel,e0402,419-975-3182,password524
Brett,Mccullan,e0403,619-461-9984,password525
Teddy,Pedrozo,e0404,203-892-3863,password526
Tasia,Andreason,e0405,201-920-9002,password527
Hubert,Walthall,e0406,330-903-1345,password528
Arthur,Farrow,e0407,201-238-5688,password529
Vilma,Berlanga,e0408,616-737-3085,password530
Billye,Miro,e0409,601-567-5386,password531
Glenna,Slayton,e0410,901-640-9178,password532
Mitzie,Hudnall,e0411,303-402-1940,password533
Bernardine,Rodefer,e0412,901-901-4726,password534
Staci,Schmaltz,e0413,626-866-2339,password535
Nichelle,Meteer,e0414,773-225-9985,password536
Janine,Rhoden,e0415,718-228-5894,password537
Ettie,Hoopengardner,e0416,509-755-5393,password538
Eden,Jayson,e0417,410-890-7866,password539
Lynelle,Auber,e0418,973-860-8610,password540
Merissa,Tomblin,e0419,562-579-6900,password541
Golda,Kaniecki,e0420,732-628-9909,password542
Catarina,Gleich,e0421,973-210-3994,password543
Virgie,Kiel,e0422,303-776-7548,password544
Jolene,Ostolaza,e0423,757-682-7116,password545
Keneth,Borgman,e0424,602-919-4211,password546
Rikki,Nayar,e0425,305-968-9487,password547
Elke,Sengbusch,e0426,602-896-2993,password548
Hoa,Sarao,e0427,386-526-7800,password549
Trinidad,Mcrae,e0428,415-331-9634,password550
Mari,Lueckenbach,e0429,858-793-9684,password551
Selma,Husser,e0430,201-991-8369,password552
Antione,Onofrio,e0431,909-430-7765,password553
Luisa,Jurney,e0432,617-365-2134,password554
Clorinda,Heimann,e0433,760-291-5497,password555
Dick,Wenzinger,e0434,310-510-9713,password556
Ahmed,Angalich,e0435,717-528-8996,password557
Iluminada,Ohms,e0436,480-293-2882,password558
Joanna,Leinenbach,e0437,561-470-4574,password559
Caprice,Suell,e0438,615-246-1824,password560
Stephane,Myricks,e0439,859-717-7638,password561
Quentin,Swayze,e0440,734-561-6170,password562
Annmarie,Castros,e0441,936-751-7961,password563
Shonda,Greenbush,e0442,973-482-2430,password564
Cecil,Lapage,e0443,201-693-3967,password565
Jeanice,Claucherty,e0444,305-988-4162,password566
Josphine,Villanueva,e0445,931-553-9774,password567
Daniel,Perruzza,e0446,714-771-3880,password568
Cassi,Wildfong,e0447,847-633-3216,password569
Britt,Galam,e0448,215-888-3304,password570
Adell,Lipkin,e0449,973-654-1561,password571
Jacqueline,Rowling,e0450,814-865-8113,password572
Lonny,Weglarz,e0451,801-293-9853,password573
Lonna,Diestel,e0452,910-922-3672,password574
Cristal,Samara,e0453,213-975-8026,password575
Kenneth,Grenet,e0454,517-499-2322,password576
Elli,Mclaird,e0455,315-818-2638,password577
Alline,Jeanty,e0456,574-656-2800,password578
Sharika,Eanes,e0457,407-312-1691,password579
Nu,Mcnease,e0458,973-751-9003,password580
Daniela,Comnick,e0459,609-200-8577,password581
Cecilia,Colaizzo,e0460,608-382-4541,password582
Leslie,Threets,e0461,914-861-9748,password583
Nan,Koppinger,e0462,336-370-5333,password584
Izetta,Dewar,e0463,410-473-1708,password585
Tegan,Arceo,e0464,732-730-2692,password586
Ruthann,Keener,e0465,830-258-2769,password587
Joni,Breland,e0466,847-519-5906,password588
Vi,Rentfro,e0467,732-605-4781,password589
Colette,Kardas,e0468,402-896-5943,password590
Malcolm,Tromblay,e0469,703-221-5602,password591
Ryan,Harnos,e0470,972-558-1665,password592
Jess,Chaffins,e0471,212-510-4633,password593
Sharen,Bourbon,e0472,516-816-1541,password594
Nickolas,Juvera,e0473,352-598-8301,password595
Gary,Nunlee,e0474,317-542-6023,password596
Diane,Devreese,e0475,816-557-9673,password597
Roslyn,Chavous,e0476,601-234-9632,password598
Glory,Schieler,e0477,325-869-2649,password599
Rasheeda,Sayaphon,e0478,408-805-4309,password600
Alpha,Palaia,e0479,856-312-2629,password601
Refugia,Jacobos,e0480,510-974-8671,password602
Shawnda,Yori,e0481,407-538-5106,password603
Mona,Delasancha,e0482,307-403-1488,password604
Gilma,Liukko,e0483,516-393-9967,password605
Janey,Gabisi,e0484,608-967-7194,password606
Lili,Paskin,e0485,201-431-2989,password607
Loren,Asar,e0486,570-648-3035,password608
Dorothy,Chesterfield,e0487,858-617-7834,password609
Gail,Similton,e0488,760-616-5388,password610
Catalina,Tillotson,e0489,609-373-3332,password611
Lawrence,Lorens,e0490,401-465-6432,password612
Carlee,Boulter,e0491,785-347-1805,password613
Thaddeus,Ankeny,e0492,916-920-3571,password614
Jovita,Oles,e0493,386-248-4118,password615
Alesia,Hixenbaugh,e0494,202-646-7516,password616
Lai,Harabedian,e0495,415-423-3294,password617
Brittni,Gillaspie,e0496,208-709-1235,password618
Raylene,Kampa,e0497,574-499-1454,password619
Flo,Bookamer,e0498,308-726-2182,password620
Jani,Biddy,e0499,206-711-6498,password621
Chauncey,Motley,e0500,407-413-4842,password622